Empty,Loudness,Sharpness,AI,Roughness,FS,OA SPL,Subjective Rating
a,4.89,0.53,99.73,0.19,0.79,47.92,2
a,4.56,0.39,99.73,0.22,0.51,48.01,2
a,4.66,0.4,99.75,0.22,0.58,48.04,2
a,4.66,0.4,99.75,0.22,0.62,47.99,2
a,4.57,0.4,99.73,0.23,0.57,48.01,2
a,4.52,0.39,99.73,0.24,0.82,47.83,2
a,4.89,0.53,99.73,0.19,0.79,47.92,2
a,4.56,0.39,99.73,0.22,0.51,48.01,2
a,4.66,0.4,99.75,0.22,0.58,48.04,2
a,4.66,0.4,99.75,0.22,0.62,47.99,2
a,4.57,0.4,99.73,0.23,0.57,48.01,2
a,4.52,0.39,99.73,0.24,0.82,47.83,2
a,1.81,0.69,99.9,0.12,0.31,33.74,2
a,1.85,0.7,99.89,0.13,0.34,37.54,2
a,1.86,0.69,99.88,0.14,0.35,37.54,2
a,1.91,0.7,99.87,0.15,0.34,37.7,2
a,1.97,0.69,99.86,0.15,0.4,37.7,2
a,1.93,0.68,99.88,0.15,0.36,37.92,2
a,1.81,0.69,99.9,0.12,0.31,33.74,2
a,1.85,0.7,99.89,0.13,0.34,37.54,2
a,1.86,0.69,99.88,0.14,0.35,37.54,2
a,1.91,0.7,99.87,0.15,0.34,37.7,2
a,1.97,0.69,99.86,0.15,0.4,37.7,2
a,1.93,0.68,99.88,0.15,0.36,37.92,2
a,4.89,0.53,99.73,0.19,0.79,47.92,2
a,4.56,0.39,99.73,0.22,0.51,48.01,2
a,4.66,0.4,99.75,0.22,0.58,48.04,2
a,4.66,0.4,99.75,0.22,0.62,47.99,2
a,4.57,0.4,99.73,0.23,0.57,48.01,2
a,4.52,0.39,99.73,0.24,0.82,47.83,2
a,4.89,0.53,99.73,0.19,0.79,47.92,2
a,4.56,0.39,99.73,0.22,0.51,48.01,2
a,4.66,0.4,99.75,0.22,0.58,48.04,2
a,4.66,0.4,99.75,0.22,0.62,47.99,2
a,4.57,0.4,99.73,0.23,0.57,48.01,2
a,4.52,0.39,99.73,0.24,0.82,47.83,2
a,1.81,0.69,99.9,0.12,0.31,33.74,2
a,1.85,0.7,99.89,0.13,0.34,37.54,2
a,1.86,0.69,99.88,0.14,0.35,37.54,2
a,1.91,0.7,99.87,0.15,0.34,37.7,2
a,1.97,0.69,99.86,0.15,0.4,37.7,2
a,1.93,0.68,99.88,0.15,0.36,37.92,2
a,1.81,0.69,99.9,0.12,0.31,33.74,2
a,1.85,0.7,99.89,0.13,0.34,37.54,2
a,1.86,0.69,99.88,0.14,0.35,37.54,2
a,1.91,0.7,99.87,0.15,0.34,37.7,2
a,1.97,0.69,99.86,0.15,0.4,37.7,2
a,1.93,0.68,99.88,0.15,0.36,37.92,2
a,4.89,0.53,99.73,0.19,0.79,47.92,2
a,4.56,0.39,99.73,0.22,0.51,48.01,2
a,4.66,0.4,99.75,0.22,0.58,48.04,2
a,4.66,0.4,99.75,0.22,0.62,47.99,2
a,4.57,0.4,99.73,0.23,0.57,48.01,2
a,4.52,0.39,99.73,0.24,0.82,47.83,2
a,4.89,0.53,99.73,0.19,0.79,47.92,2
a,4.56,0.39,99.73,0.22,0.51,48.01,2
a,4.66,0.4,99.75,0.22,0.58,48.04,2
a,4.66,0.4,99.75,0.22,0.62,47.99,2
a,4.57,0.4,99.73,0.23,0.57,48.01,2
a,4.52,0.39,99.73,0.24,0.82,47.83,2
a,1.81,0.69,99.9,0.12,0.31,33.74,2
a,1.85,0.7,99.89,0.13,0.34,37.54,2
a,1.86,0.69,99.88,0.14,0.35,37.54,2
a,1.91,0.7,99.87,0.15,0.34,37.7,2
a,1.97,0.69,99.86,0.15,0.4,37.7,2
a,1.93,0.68,99.88,0.15,0.36,37.92,2
a,1.81,0.69,99.9,0.12,0.31,33.74,2
a,1.85,0.7,99.89,0.13,0.34,37.54,2
a,1.86,0.69,99.88,0.14,0.35,37.54,2
a,1.91,0.7,99.87,0.15,0.34,37.7,2
a,1.97,0.69,99.86,0.15,0.4,37.7,2
a,1.93,0.68,99.88,0.15,0.36,37.92,2
a,4.89,0.53,99.73,0.19,0.79,47.92,2
a,4.56,0.39,99.73,0.22,0.51,48.01,2
a,4.66,0.4,99.75,0.22,0.58,48.04,2
a,4.66,0.4,99.75,0.22,0.62,47.99,2
a,4.57,0.4,99.73,0.23,0.57,48.01,2
a,4.52,0.39,99.73,0.24,0.82,47.83,2
a,4.89,0.53,99.73,0.19,0.79,47.92,2
a,4.56,0.39,99.73,0.22,0.51,48.01,2
a,4.66,0.4,99.75,0.22,0.58,48.04,2
a,4.66,0.4,99.75,0.22,0.62,47.99,2
a,4.57,0.4,99.73,0.23,0.57,48.01,2
a,4.52,0.39,99.73,0.24,0.82,47.83,2
a,1.81,0.69,99.9,0.12,0.31,33.74,2
a,1.85,0.7,99.89,0.13,0.34,37.54,2
a,1.86,0.69,99.88,0.14,0.35,37.54,2
a,1.91,0.7,99.87,0.15,0.34,37.7,2
a,1.97,0.69,99.86,0.15,0.4,37.7,2
a,1.93,0.68,99.88,0.15,0.36,37.92,2
a,1.81,0.69,99.9,0.12,0.31,33.74,2
a,1.85,0.7,99.89,0.13,0.34,37.54,2
a,1.86,0.69,99.88,0.14,0.35,37.54,2
a,1.91,0.7,99.87,0.15,0.34,37.7,2
a,1.97,0.69,99.86,0.15,0.4,37.7,2
a,1.93,0.68,99.88,0.15,0.36,37.92,2
a,6.56,0.43,98.79,0.37,0.85,51.06,3
a,6.54,0.44,98.83,0.28,0.74,50.93,3
a,6.51,0.43,98.83,0.27,0.69,50.95,3
a,6.51,0.42,98.84,0.26,0.81,51.02,3
a,6.5,0.43,98.84,0.24,0.52,50.95,3
a,6.58,0.43,98.86,0.26,0.83,51.04,3
a,6.56,0.43,98.79,0.37,0.85,51.06,3
a,6.54,0.44,98.83,0.28,0.74,50.93,3
a,6.51,0.43,98.83,0.27,0.69,50.95,3
a,6.51,0.42,98.84,0.26,0.81,51.02,3
a,6.5,0.43,98.84,0.24,0.52,50.95,3
a,6.58,0.43,98.86,0.26,0.83,51.04,3
a,4.23,0.86,99.93,1.8,0.77,42.92,3
a,4.22,0.84,99.93,1.84,0.77,43.23,3
a,4.22,0.84,99.93,1.84,0.76,43.04,3
a,4.24,0.85,99.92,1.8,0.77,43.27,3
a,4.25,0.85,99.9,1.78,0.77,43.02,3
a,4.22,0.84,99.91,1.79,0.77,43.14,3
a,4.23,0.86,99.93,1.8,0.77,42.92,3
a,4.22,0.84,99.93,1.84,0.77,43.23,3
a,4.22,0.84,99.93,1.84,0.76,43.04,3
a,4.24,0.85,99.92,1.8,0.77,43.27,3
a,4.25,0.85,99.9,1.78,0.77,43.02,3
a,4.22,0.84,99.91,1.79,0.77,43.14,3
a,6.56,0.43,98.79,0.37,0.85,51.06,3
a,6.54,0.44,98.83,0.28,0.74,50.93,3
a,6.51,0.43,98.83,0.27,0.69,50.95,3
a,6.51,0.42,98.84,0.26,0.81,51.02,3
a,6.5,0.43,98.84,0.24,0.52,50.95,3
a,6.58,0.43,98.86,0.26,0.83,51.04,3
a,6.56,0.43,98.79,0.37,0.85,51.06,3
a,6.54,0.44,98.83,0.28,0.74,50.93,3
a,6.51,0.43,98.83,0.27,0.69,50.95,3
a,6.51,0.42,98.84,0.26,0.81,51.02,3
a,6.5,0.43,98.84,0.24,0.52,50.95,3
a,6.58,0.43,98.86,0.26,0.83,51.04,3
a,4.23,0.86,99.93,1.8,0.77,42.92,3
a,4.22,0.84,99.93,1.84,0.77,43.23,3
a,4.22,0.84,99.93,1.84,0.76,43.04,3
a,4.24,0.85,99.92,1.8,0.77,43.27,3
a,4.25,0.85,99.9,1.78,0.77,43.02,3
a,4.22,0.84,99.91,1.79,0.77,43.14,3
a,4.23,0.86,99.93,1.8,0.77,42.92,3
a,4.22,0.84,99.93,1.84,0.77,43.23,3
a,4.22,0.84,99.93,1.84,0.76,43.04,3
a,4.24,0.85,99.92,1.8,0.77,43.27,3
a,4.25,0.85,99.9,1.78,0.77,43.02,3
a,4.22,0.84,99.91,1.79,0.77,43.14,3
a,6.56,0.43,98.79,0.37,0.85,51.06,3
a,6.54,0.44,98.83,0.28,0.74,50.93,3
a,6.51,0.43,98.83,0.27,0.69,50.95,3
a,6.51,0.42,98.84,0.26,0.81,51.02,3
a,6.5,0.43,98.84,0.24,0.52,50.95,3
a,6.58,0.43,98.86,0.26,0.83,51.04,3
a,6.56,0.43,98.79,0.37,0.85,51.06,3
a,6.54,0.44,98.83,0.28,0.74,50.93,3
a,6.51,0.43,98.83,0.27,0.69,50.95,3
a,6.51,0.42,98.84,0.26,0.81,51.02,3
a,6.5,0.43,98.84,0.24,0.52,50.95,3
a,6.58,0.43,98.86,0.26,0.83,51.04,3
a,4.23,0.86,99.93,1.8,0.77,42.92,3
a,4.22,0.84,99.93,1.84,0.77,43.23,3
a,4.22,0.84,99.93,1.84,0.76,43.04,3
a,4.24,0.85,99.92,1.8,0.77,43.27,3
a,4.25,0.85,99.9,1.78,0.77,43.02,3
a,4.22,0.84,99.91,1.79,0.77,43.14,3
a,4.23,0.86,99.93,1.8,0.77,42.92,3
a,4.22,0.84,99.93,1.84,0.77,43.23,3
a,4.22,0.84,99.93,1.84,0.76,43.04,3
a,4.24,0.85,99.92,1.8,0.77,43.27,3
a,4.25,0.85,99.9,1.78,0.77,43.02,3
a,4.22,0.84,99.91,1.79,0.77,43.14,3
a,6.56,0.43,98.79,0.37,0.85,51.06,3
a,6.54,0.44,98.83,0.28,0.74,50.93,3
a,6.51,0.43,98.83,0.27,0.69,50.95,3
a,6.51,0.42,98.84,0.26,0.81,51.02,3
a,6.5,0.43,98.84,0.24,0.52,50.95,3
a,6.58,0.43,98.86,0.26,0.83,51.04,3
a,6.56,0.43,98.79,0.37,0.85,51.06,3
a,6.54,0.44,98.83,0.28,0.74,50.93,3
a,6.51,0.43,98.83,0.27,0.69,50.95,3
a,6.51,0.42,98.84,0.26,0.81,51.02,3
a,6.5,0.43,98.84,0.24,0.52,50.95,3
a,6.58,0.43,98.86,0.26,0.83,51.04,3
a,4.23,0.86,99.93,1.8,0.77,42.92,3
a,4.22,0.84,99.93,1.84,0.77,43.23,3
a,4.22,0.84,99.93,1.84,0.76,43.04,3
a,4.24,0.85,99.92,1.8,0.77,43.27,3
a,4.25,0.85,99.9,1.78,0.77,43.02,3
a,4.22,0.84,99.91,1.79,0.77,43.14,3
a,4.23,0.86,99.93,1.8,0.77,42.92,3
a,4.22,0.84,99.93,1.84,0.77,43.23,3
a,4.22,0.84,99.93,1.84,0.76,43.04,3
a,4.24,0.85,99.92,1.8,0.77,43.27,3
a,4.25,0.85,99.9,1.78,0.77,43.02,3
a,4.22,0.84,99.91,1.79,0.77,43.14,3
a,11.08,0.63,97.18,0.74,0.84,57.03,4
a,11.09,0.63,97.17,0.69,0.96,57.04,4
a,11.12,0.63,97.14,0.69,0.84,57,4
a,11.15,0.63,96.99,0.7,0.45,57.03,4
a,11.12,0.63,96.95,0.76,0.88,57.13,4
a,11.23,0.64,96.83,0.77,1,57.24,4
a,11.08,0.63,97.18,0.74,0.84,57.03,4
a,11.09,0.63,97.17,0.69,0.96,57.04,4
a,11.12,0.63,97.14,0.69,0.84,57,4
a,11.15,0.63,96.99,0.7,0.45,57.03,4
a,11.12,0.63,96.95,0.76,0.88,57.13,4
a,11.23,0.64,96.83,0.77,1,57.24,4
a,3.16,0.85,99.78,0.15,0.4,41.71,4
a,3.17,0.85,99.78,0.15,0.4,41.71,4
a,3.15,0.86,99.79,0.16,0.4,41.65,4
a,3.15,0.85,99.76,0.16,0.4,41.68,4
a,3.28,0.91,99.74,0.09,0.4,42.04,4
a,3.23,0.84,99.74,0.09,0.38,41.96,4
a,3.16,0.85,99.78,0.15,0.4,41.71,4
a,3.17,0.85,99.78,0.15,0.4,41.71,4
a,3.15,0.86,99.79,0.16,0.4,41.65,4
a,3.15,0.85,99.76,0.16,0.4,41.68,4
a,3.28,0.91,99.74,0.09,0.4,42.04,4
a,3.23,0.84,99.74,0.09,0.38,41.96,4
a,12.78,0.81,92.62,0.4,0.54,57.71,4
a,13.01,0.82,92.49,0.41,0.56,57.89,4
a,12.91,0.82,92.82,0.45,0.75,57.72,4
a,12.85,0.82,93.28,0.49,0.7,57.65,4
a,13.03,0.82,92.41,0.41,0.61,57.87,4
a,13.09,0.83,91.84,0.38,0.7,58,4
a,12.78,0.81,92.62,0.4,0.54,57.71,4
a,13.01,0.82,92.49,0.41,0.56,57.89,4
a,12.91,0.82,92.82,0.45,0.75,57.72,4
a,12.85,0.82,93.28,0.49,0.7,57.65,4
a,13.03,0.82,92.41,0.41,0.61,57.87,4
a,13.09,0.83,91.84,0.38,0.7,58,4
a,11.08,0.63,97.18,0.74,0.84,57.03,4
a,11.09,0.63,97.17,0.69,0.96,57.04,4
a,11.12,0.63,97.14,0.69,0.84,57,4
a,11.15,0.63,96.99,0.7,0.45,57.03,4
a,11.12,0.63,96.95,0.76,0.88,57.13,4
a,11.23,0.64,96.83,0.77,1,57.24,4
a,11.08,0.63,97.18,0.74,0.84,57.03,4
a,11.09,0.63,97.17,0.69,0.96,57.04,4
a,11.12,0.63,97.14,0.69,0.84,57,4
a,11.15,0.63,96.99,0.7,0.45,57.03,4
a,11.12,0.63,96.95,0.76,0.88,57.13,4
a,11.23,0.64,96.83,0.77,1,57.24,4
a,3.16,0.85,99.78,0.15,0.4,41.71,4
a,3.17,0.85,99.78,0.15,0.4,41.71,4
a,3.15,0.86,99.79,0.16,0.4,41.65,4
a,3.15,0.85,99.76,0.16,0.4,41.68,4
a,3.28,0.91,99.74,0.09,0.4,42.04,4
a,3.23,0.84,99.74,0.09,0.38,41.96,4
a,3.16,0.85,99.78,0.15,0.4,41.71,4
a,3.17,0.85,99.78,0.15,0.4,41.71,4
a,3.15,0.86,99.79,0.16,0.4,41.65,4
a,3.15,0.85,99.76,0.16,0.4,41.68,4
a,3.28,0.91,99.74,0.09,0.4,42.04,4
a,3.23,0.84,99.74,0.09,0.38,41.96,4
a,12.78,0.81,92.62,0.4,0.54,57.71,4
a,13.01,0.82,92.49,0.41,0.56,57.89,4
a,12.91,0.82,92.82,0.45,0.75,57.72,4
a,12.85,0.82,93.28,0.49,0.7,57.65,4
a,13.03,0.82,92.41,0.41,0.61,57.87,4
a,13.09,0.83,91.84,0.38,0.7,58,4
a,12.78,0.81,92.62,0.4,0.54,57.71,4
a,13.01,0.82,92.49,0.41,0.56,57.89,4
a,12.91,0.82,92.82,0.45,0.75,57.72,4
a,12.85,0.82,93.28,0.49,0.7,57.65,4
a,13.03,0.82,92.41,0.41,0.61,57.87,4
a,13.09,0.83,91.84,0.38,0.7,58,4
a,13.1,0.65,93.42,1.04,1,58.77,5
a,13.08,0.64,93.89,0.98,0.42,58.82,5
a,13.11,0.65,93.56,0.96,1,58.85,5
a,13.13,0.65,93.54,0.94,0.98,58.89,5
a,13.11,0.65,93.79,0.96,0.97,58.81,5
a,13.19,0.65,93.51,0.91,0.98,58.9,5
a,13.1,0.65,93.42,1.04,1,58.77,5
a,13.08,0.64,93.89,0.98,0.42,58.82,5
a,13.11,0.65,93.56,0.96,1,58.85,5
a,13.13,0.65,93.54,0.94,0.98,58.89,5
a,13.11,0.65,93.79,0.96,0.97,58.81,5
a,13.19,0.65,93.51,0.91,0.98,58.9,5
a,7.33,0.82,97.74,0.56,0.61,50.44,5
a,7.6,0.82,97.19,0.73,0.66,51.06,5
a,7.75,0.91,97.25,0.72,0.67,51.22,5
a,7.54,0.81,97.15,0.72,0.66,51.21,5
a,7.56,0.8,97.19,0.69,0.68,51.33,5
a,7.59,0.81,97.22,0.68,0.66,51.32,5
a,7.33,0.82,97.74,0.56,0.61,50.44,5
a,7.6,0.82,97.19,0.73,0.66,51.06,5
a,7.75,0.91,97.25,0.72,0.67,51.22,5
a,7.54,0.81,97.15,0.72,0.66,51.21,5
a,7.56,0.8,97.19,0.69,0.68,51.33,5
a,7.59,0.81,97.22,0.68,0.66,51.32,5
a,3.88,0.77,99.69,0.21,0.47,43.83,5
a,3.91,0.77,99.69,0.22,0.39,43.87,5
a,3.92,0.77,99.69,0.23,0.39,43.87,5
a,3.84,0.77,99.69,0.2,0.39,43.82,5
a,3.7,0.77,99.66,0.18,0.36,43.7,5
a,3.69,0.75,99.66,0.17,0.36,43.71,5
a,3.88,0.77,99.69,0.21,0.47,43.83,5
a,3.91,0.77,99.69,0.22,0.39,43.87,5
a,3.92,0.77,99.69,0.23,0.39,43.87,5
a,3.84,0.77,99.69,0.2,0.39,43.82,5
a,3.7,0.77,99.66,0.18,0.36,43.7,5
a,3.69,0.75,99.66,0.17,0.36,43.71,5
a,13.1,0.65,93.42,1.04,1,58.77,5
a,13.08,0.64,93.89,0.98,0.42,58.82,5
a,13.11,0.65,93.56,0.96,1,58.85,5
a,13.13,0.65,93.54,0.94,0.98,58.89,5
a,13.11,0.65,93.79,0.96,0.97,58.81,5
a,13.19,0.65,93.51,0.91,0.98,58.9,5
a,13.1,0.65,93.42,1.04,1,58.77,5
a,13.08,0.64,93.89,0.98,0.42,58.82,5
a,13.11,0.65,93.56,0.96,1,58.85,5
a,13.13,0.65,93.54,0.94,0.98,58.89,5
a,13.11,0.65,93.79,0.96,0.97,58.81,5
a,13.19,0.65,93.51,0.91,0.98,58.9,5
a,7.33,0.82,97.74,0.56,0.61,50.44,5
a,7.6,0.82,97.19,0.73,0.66,51.06,5
a,7.75,0.91,97.25,0.72,0.67,51.22,5
a,7.54,0.81,97.15,0.72,0.66,51.21,5
a,7.56,0.8,97.19,0.69,0.68,51.33,5
a,7.59,0.81,97.22,0.68,0.66,51.32,5
a,7.33,0.82,97.74,0.56,0.61,50.44,5
a,7.6,0.82,97.19,0.73,0.66,51.06,5
a,7.75,0.91,97.25,0.72,0.67,51.22,5
a,7.54,0.81,97.15,0.72,0.66,51.21,5
a,7.56,0.8,97.19,0.69,0.68,51.33,5
a,7.59,0.81,97.22,0.68,0.66,51.32,5
a,3.88,0.77,99.69,0.21,0.47,43.83,5
a,3.91,0.77,99.69,0.22,0.39,43.87,5
a,3.92,0.77,99.69,0.23,0.39,43.87,5
a,3.84,0.77,99.69,0.2,0.39,43.82,5
a,3.7,0.77,99.66,0.18,0.36,43.7,5
a,3.69,0.75,99.66,0.17,0.36,43.71,5
a,3.88,0.77,99.69,0.21,0.47,43.83,5
a,3.91,0.77,99.69,0.22,0.39,43.87,5
a,3.92,0.77,99.69,0.23,0.39,43.87,5
a,3.84,0.77,99.69,0.2,0.39,43.82,5
a,3.7,0.77,99.66,0.18,0.36,43.7,5
a,3.69,0.75,99.66,0.17,0.36,43.71,5
a,16.63,0.74,90.49,0.56,0.68,61.1,6
a,16.69,0.74,90.2,0.52,0.89,61.2,6
a,16.4,0.74,91.58,0.58,0.87,61.11,6
a,16.4,0.75,91.64,0.62,0.89,61.04,6
a,16.66,0.73,90.23,0.67,0.83,61.06,6
a,16.68,0.73,89.65,0.66,0.92,61.18,6
a,8.84,1.03,96.96,0.35,0.59,52.31,6
a,8.89,1.06,96.52,0.35,0.59,52.46,6
a,8.94,1.06,96.11,0.34,0.6,52.54,6
a,8.92,1.08,96.12,0.38,0.61,52.55,6
a,8.85,1.08,96.16,0.38,0.61,52.49,6
a,8.8,1.08,96.21,0.41,0.58,52.49,6
a,8.84,1.03,96.96,0.35,0.59,52.31,6
a,8.89,1.06,96.52,0.35,0.59,52.46,6
a,8.94,1.06,96.11,0.34,0.6,52.54,6
a,8.92,1.08,96.12,0.38,0.61,52.55,6
a,8.85,1.08,96.16,0.38,0.61,52.49,6
a,8.8,1.08,96.21,0.41,0.58,52.49,6
a,5.47,0.87,98.85,0.19,0.4,47.89,6
a,5.47,0.89,98.93,0.18,0.41,47.78,6
a,5.5,0.9,98.93,0.2,0.41,47.82,6
a,5.46,0.86,98.92,0.21,0.42,47.85,6
a,5.47,0.87,99.01,0.22,0.4,47.69,6
a,5.54,0.89,98.78,0.21,0.4,47.93,6
a,5.47,0.87,98.85,0.19,0.4,47.89,6
a,5.47,0.89,98.93,0.18,0.41,47.78,6
a,5.5,0.9,98.93,0.2,0.41,47.82,6
a,5.46,0.86,98.92,0.21,0.42,47.85,6
a,5.47,0.87,99.01,0.22,0.4,47.69,6
a,5.54,0.89,98.78,0.21,0.4,47.93,6
a,18.04,0.85,78.09,0.5,0.57,62.75,6
a,18.29,0.85,78.59,0.41,0.66,62.91,6
a,18.22,0.86,78.17,0.39,0.63,62.86,6
a,18.6,0.86,78.06,0.42,0.58,63.13,6
a,18.85,0.87,77.57,0.42,0.5,63.32,6
a,18.09,0.85,79.12,0.47,0.58,62.82,6
a,16.63,0.74,90.49,0.56,0.68,61.1,6
a,16.69,0.74,90.2,0.52,0.89,61.2,6
a,16.4,0.74,91.58,0.58,0.87,61.11,6
a,16.4,0.75,91.64,0.62,0.89,61.04,6
a,16.66,0.73,90.23,0.67,0.83,61.06,6
a,16.68,0.73,89.65,0.66,0.92,61.18,6
a,8.84,1.03,96.96,0.35,0.59,52.31,6
a,8.89,1.06,96.52,0.35,0.59,52.46,6
a,8.94,1.06,96.11,0.34,0.6,52.54,6
a,8.92,1.08,96.12,0.38,0.61,52.55,6
a,8.85,1.08,96.16,0.38,0.61,52.49,6
a,8.8,1.08,96.21,0.41,0.58,52.49,6
a,8.84,1.03,96.96,0.35,0.59,52.31,6
a,8.89,1.06,96.52,0.35,0.59,52.46,6
a,8.94,1.06,96.11,0.34,0.6,52.54,6
a,8.92,1.08,96.12,0.38,0.61,52.55,6
a,8.85,1.08,96.16,0.38,0.61,52.49,6
a,8.8,1.08,96.21,0.41,0.58,52.49,6
a,5.47,0.87,98.85,0.19,0.4,47.89,6
a,5.47,0.89,98.93,0.18,0.41,47.78,6
a,5.5,0.9,98.93,0.2,0.41,47.82,6
a,5.46,0.86,98.92,0.21,0.42,47.85,6
a,5.47,0.87,99.01,0.22,0.4,47.69,6
a,5.54,0.89,98.78,0.21,0.4,47.93,6
a,5.47,0.87,98.85,0.19,0.4,47.89,6
a,5.47,0.89,98.93,0.18,0.41,47.78,6
a,5.5,0.9,98.93,0.2,0.41,47.82,6
a,5.46,0.86,98.92,0.21,0.42,47.85,6
a,5.47,0.87,99.01,0.22,0.4,47.69,6
a,5.54,0.89,98.78,0.21,0.4,47.93,6
a,18.04,0.85,78.09,0.5,0.57,62.75,6
a,18.29,0.85,78.59,0.41,0.66,62.91,6
a,18.22,0.86,78.17,0.39,0.63,62.86,6
a,18.6,0.86,78.06,0.42,0.58,63.13,6
a,18.85,0.87,77.57,0.42,0.5,63.32,6
a,18.09,0.85,79.12,0.47,0.58,62.82,6
a,16.63,0.74,90.49,0.56,0.68,61.1,7
a,16.69,0.74,90.2,0.52,0.89,61.2,7
a,16.4,0.74,91.58,0.58,0.87,61.11,7
a,16.4,0.75,91.64,0.62,0.89,61.04,7
a,16.66,0.73,90.23,0.67,0.83,61.06,7
a,16.68,0.73,89.65,0.66,0.92,61.18,7
a,12.41,1.16,85.44,0.5,0.59,56.92,7
a,12.37,1.17,85.93,0.48,0.58,56.76,7
a,12.38,1.18,85.37,0.48,0.56,56.84,7
a,12.3,1.18,86.16,0.47,0.55,56.78,7
a,12.29,1.17,86.52,0.44,0.56,56.72,7
a,12.19,1.17,87.04,0.49,0.56,56.62,7
a,16.9,1.31,66.64,0.58,0.61,60.82,7
a,16.77,1.3,67.08,0.56,0.62,60.78,7
a,16.8,1.3,66.58,0.58,0.62,60.94,7
a,16.98,1.31,66.72,0.6,0.59,60.99,7
a,17.26,1.32,66.11,0.55,0.64,61.08,7
a,17.27,1.32,65.68,0.55,0.62,61.11,7
a,12.41,1.16,85.44,0.5,0.59,56.92,7
a,12.37,1.17,85.93,0.48,0.58,56.76,7
a,12.38,1.18,85.37,0.48,0.56,56.84,7
a,12.3,1.18,86.16,0.47,0.55,56.78,7
a,12.29,1.17,86.52,0.44,0.56,56.72,7
a,12.19,1.17,87.04,0.49,0.56,56.62,7
a,28.31,0.99,53.42,0.46,0.25,68.87,7
a,28.22,0.97,53.64,0.49,0.51,68.87,7
a,28.13,0.99,54.43,0.45,0.59,68.67,7
a,28.08,0.98,54.01,0.46,0.37,68.65,7
a,27.9,0.98,54.42,0.49,0.35,68.57,7
a,28.06,0.99,54.58,0.47,0.65,68.6,7
a,28.31,0.99,53.42,0.46,0.25,68.87,7
a,28.22,0.97,53.64,0.49,0.51,68.87,7
a,28.13,0.99,54.43,0.45,0.59,68.67,7
a,28.08,0.98,54.01,0.46,0.37,68.65,7
a,27.9,0.98,54.42,0.49,0.35,68.57,7
a,28.06,0.99,54.58,0.47,0.65,68.6,7
a,16.63,0.74,90.49,0.56,0.68,61.1,7
a,16.69,0.74,90.2,0.52,0.89,61.2,7
a,16.4,0.74,91.58,0.58,0.87,61.11,7
a,16.4,0.75,91.64,0.62,0.89,61.04,7
a,16.66,0.73,90.23,0.67,0.83,61.06,7
a,16.68,0.73,89.65,0.66,0.92,61.18,7
a,12.41,1.16,85.44,0.5,0.59,56.92,7
a,12.37,1.17,85.93,0.48,0.58,56.76,7
a,12.38,1.18,85.37,0.48,0.56,56.84,7
a,12.3,1.18,86.16,0.47,0.55,56.78,7
a,12.29,1.17,86.52,0.44,0.56,56.72,7
a,12.19,1.17,87.04,0.49,0.56,56.62,7
a,16.9,1.31,66.64,0.58,0.61,60.82,7
a,16.77,1.3,67.08,0.56,0.62,60.78,7
a,16.8,1.3,66.58,0.58,0.62,60.94,7
a,16.98,1.31,66.72,0.6,0.59,60.99,7
a,17.26,1.32,66.11,0.55,0.64,61.08,7
a,17.27,1.32,65.68,0.55,0.62,61.11,7
a,12.41,1.16,85.44,0.5,0.59,56.92,7
a,12.37,1.17,85.93,0.48,0.58,56.76,7
a,12.38,1.18,85.37,0.48,0.56,56.84,7
a,12.3,1.18,86.16,0.47,0.55,56.78,7
a,12.29,1.17,86.52,0.44,0.56,56.72,7
a,12.19,1.17,87.04,0.49,0.56,56.62,7
a,28.31,0.99,53.42,0.46,0.25,68.87,7
a,28.22,0.97,53.64,0.49,0.51,68.87,7
a,28.13,0.99,54.43,0.45,0.59,68.67,7
a,28.08,0.98,54.01,0.46,0.37,68.65,7
a,27.9,0.98,54.42,0.49,0.35,68.57,7
a,28.06,0.99,54.58,0.47,0.65,68.6,7
a,28.31,0.99,53.42,0.46,0.25,68.87,7
a,28.22,0.97,53.64,0.49,0.51,68.87,7
a,28.13,0.99,54.43,0.45,0.59,68.67,7
a,28.08,0.98,54.01,0.46,0.37,68.65,7
a,27.9,0.98,54.42,0.49,0.35,68.57,7
a,28.06,0.99,54.58,0.47,0.65,68.6,7
a,16.9,1.31,66.64,0.58,0.61,60.82,8
a,16.77,1.3,67.08,0.56,0.62,60.78,8
a,16.8,1.3,66.58,0.58,0.62,60.94,8
a,16.98,1.31,66.72,0.6,0.59,60.99,8
a,17.26,1.32,66.11,0.55,0.64,61.08,8
a,17.27,1.32,65.68,0.55,0.62,61.11,8
a,22.9,0.9,65.72,0.75,0.68,66.29,8
a,22.88,0.89,65.42,0.79,0.63,66.3,8
a,22.85,0.9,65.49,0.72,0.64,66.23,8
a,22.69,0.9,65.83,0.67,0.62,66.12,8
a,22.74,0.9,66.05,0.67,0.68,66.18,8
a,22.64,0.9,66.26,0.68,0.66,66.13,8
a,16.9,1.31,66.64,0.58,0.61,60.82,8
a,16.77,1.3,67.08,0.56,0.62,60.78,8
a,16.8,1.3,66.58,0.58,0.62,60.94,8
a,16.98,1.31,66.72,0.6,0.59,60.99,8
a,17.26,1.32,66.11,0.55,0.64,61.08,8
a,17.27,1.32,65.68,0.55,0.62,61.11,8
a,22.9,0.9,65.72,0.75,0.68,66.29,8
a,22.88,0.89,65.42,0.79,0.63,66.3,8
a,22.85,0.9,65.49,0.72,0.64,66.23,8
a,22.69,0.9,65.83,0.67,0.62,66.12,8
a,22.74,0.9,66.05,0.67,0.68,66.18,8
a,22.64,0.9,66.26,0.68,0.66,66.13,8
a,16.9,1.31,66.64,0.58,0.61,60.82,8
a,16.77,1.3,67.08,0.56,0.62,60.78,8
a,16.8,1.3,66.58,0.58,0.62,60.94,8
a,16.98,1.31,66.72,0.6,0.59,60.99,8
a,17.26,1.32,66.11,0.55,0.64,61.08,8
a,17.27,1.32,65.68,0.55,0.62,61.11,8
a,22.9,0.9,65.72,0.75,0.68,66.29,8
a,22.88,0.89,65.42,0.79,0.63,66.3,8
a,22.85,0.9,65.49,0.72,0.64,66.23,8
a,22.69,0.9,65.83,0.67,0.62,66.12,8
a,22.74,0.9,66.05,0.67,0.68,66.18,8
a,22.64,0.9,66.26,0.68,0.66,66.13,8
a,16.9,1.31,66.64,0.58,0.61,60.82,8
a,16.77,1.3,67.08,0.56,0.62,60.78,8
a,16.8,1.3,66.58,0.58,0.62,60.94,8
a,16.98,1.31,66.72,0.6,0.59,60.99,8
a,17.26,1.32,66.11,0.55,0.64,61.08,8
a,17.27,1.32,65.68,0.55,0.62,61.11,8
a,22.9,0.9,65.72,0.75,0.68,66.29,8
a,22.88,0.89,65.42,0.79,0.63,66.3,8
a,22.85,0.9,65.49,0.72,0.64,66.23,8
a,22.69,0.9,65.83,0.67,0.62,66.12,8
a,22.74,0.9,66.05,0.67,0.68,66.18,8
a,22.64,0.9,66.26,0.68,0.66,66.13,8
a,19.21,1.33,61.03,0.63,0.63,62.49,9
a,19.31,1.34,60.22,0.64,0.63,62.62,9
a,19.45,1.33,60.12,0.64,0.63,62.74,9
a,19.44,1.34,60.48,0.62,0.64,62.69,9
a,19.56,1.32,60.44,0.67,0.66,62.81,9
a,19.47,1.32,59.64,0.74,0.66,62.87,9
a,19.21,1.33,61.03,0.63,0.63,62.49,9
a,19.31,1.34,60.22,0.64,0.63,62.62,9
a,19.45,1.33,60.12,0.64,0.63,62.74,9
a,19.44,1.34,60.48,0.62,0.64,62.69,9
a,19.56,1.32,60.44,0.67,0.66,62.81,9
a,19.47,1.32,59.64,0.74,0.66,62.87,9
a,19.21,1.33,61.03,0.63,0.63,62.49,9
a,19.31,1.34,60.22,0.64,0.63,62.62,9
a,19.45,1.33,60.12,0.64,0.63,62.74,9
a,19.44,1.34,60.48,0.62,0.64,62.69,9
a,19.56,1.32,60.44,0.67,0.66,62.81,9
a,19.47,1.32,59.64,0.74,0.66,62.87,9
a,19.21,1.33,61.03,0.63,0.63,62.49,9
a,19.31,1.34,60.22,0.64,0.63,62.62,9
a,19.45,1.33,60.12,0.64,0.63,62.74,9
a,19.44,1.34,60.48,0.62,0.64,62.69,9
a,19.56,1.32,60.44,0.67,0.66,62.81,9
a,19.47,1.32,59.64,0.74,0.66,62.87,9
a,19.21,1.33,61.03,0.63,0.63,62.49,9
a,19.31,1.34,60.22,0.64,0.63,62.62,9
a,19.45,1.33,60.12,0.64,0.63,62.74,9
a,19.44,1.34,60.48,0.62,0.64,62.69,9
a,19.56,1.32,60.44,0.67,0.66,62.81,9
a,19.47,1.32,59.64,0.74,0.66,62.87,9
a,19.21,1.33,61.03,0.63,0.63,62.49,9
a,19.31,1.34,60.22,0.64,0.63,62.62,9
a,19.45,1.33,60.12,0.64,0.63,62.74,9
a,19.44,1.34,60.48,0.62,0.64,62.69,9
a,19.56,1.32,60.44,0.67,0.66,62.81,9
a,19.47,1.32,59.64,0.74,0.66,62.87,9
a,19.21,1.33,61.03,0.63,0.63,62.49,9
a,19.31,1.34,60.22,0.64,0.63,62.62,9
a,19.45,1.33,60.12,0.64,0.63,62.74,9
a,19.44,1.34,60.48,0.62,0.64,62.69,9
a,19.56,1.32,60.44,0.67,0.66,62.81,9
a,19.47,1.32,59.64,0.74,0.66,62.87,9
a,19.21,1.33,61.03,0.63,0.63,62.49,9
a,19.31,1.34,60.22,0.64,0.63,62.62,9
a,19.45,1.33,60.12,0.64,0.63,62.74,9
a,19.44,1.34,60.48,0.62,0.64,62.69,9
a,19.56,1.32,60.44,0.67,0.66,62.81,9
a,19.47,1.32,59.64,0.74,0.66,62.87,9
a,1.97,1.32,100,0.17,0.8,33.1,2
a,2.1,1.27,100,0.17,0.73,34.97,2
a,2,1.27,100,0.16,0.74,33.46,2
a,2,1.28,100,0.16,0.71,33.5,2
a,1.99,1.28,100,0.16,0.74,33.34,2
a,1.9,1.29,100,0.15,0.81,33.14,2
a,1.97,1.32,100,0.17,0.8,33.1,2
a,2.1,1.27,100,0.17,0.73,34.97,2
a,2,1.27,100,0.16,0.74,33.46,2
a,2,1.28,100,0.16,0.71,33.5,2
a,1.99,1.28,100,0.16,0.74,33.34,2
a,1.9,1.29,100,0.15,0.81,33.14,2
a,1.97,1.32,100,0.17,0.8,33.1,2
a,2.1,1.27,100,0.17,0.73,34.97,2
a,2,1.27,100,0.16,0.74,33.46,2
a,2,1.28,100,0.16,0.71,33.5,2
a,1.99,1.28,100,0.16,0.74,33.34,2
a,1.9,1.29,100,0.15,0.81,33.14,2
a,1.97,1.32,100,0.17,0.8,33.1,2
a,2.1,1.27,100,0.17,0.73,34.97,2
a,2,1.27,100,0.16,0.74,33.46,2
a,2,1.28,100,0.16,0.71,33.5,2
a,1.99,1.28,100,0.16,0.74,33.34,2
a,1.9,1.29,100,0.15,0.81,33.14,2
a,1.97,1.32,100,0.17,0.8,33.1,2
a,2.1,1.27,100,0.17,0.73,34.97,2
a,2,1.27,100,0.16,0.74,33.46,2
a,2,1.28,100,0.16,0.71,33.5,2
a,1.99,1.28,100,0.16,0.74,33.34,2
a,1.9,1.29,100,0.15,0.81,33.14,2
a,1.97,1.32,100,0.17,0.8,33.1,2
a,2.1,1.27,100,0.17,0.73,34.97,2
a,2,1.27,100,0.16,0.74,33.46,2
a,2,1.28,100,0.16,0.71,33.5,2
a,1.99,1.28,100,0.16,0.74,33.34,2
a,1.9,1.29,100,0.15,0.81,33.14,2
a,1.97,1.32,100,0.17,0.8,33.1,2
a,2.1,1.27,100,0.17,0.73,34.97,2
a,2,1.27,100,0.16,0.74,33.46,2
a,2,1.28,100,0.16,0.71,33.5,2
a,1.99,1.28,100,0.16,0.74,33.34,2
a,1.9,1.29,100,0.15,0.81,33.14,2
a,1.97,1.32,100,0.17,0.8,33.1,2
a,2.1,1.27,100,0.17,0.73,34.97,2
a,2,1.27,100,0.16,0.74,33.46,2
a,2,1.28,100,0.16,0.71,33.5,2
a,1.99,1.28,100,0.16,0.74,33.34,2
a,1.9,1.29,100,0.15,0.81,33.14,2
a,1.97,1.32,100,0.17,0.8,33.1,2
a,2.1,1.27,100,0.17,0.73,34.97,2
a,2,1.27,100,0.16,0.74,33.46,2
a,2,1.28,100,0.16,0.71,33.5,2
a,1.99,1.28,100,0.16,0.74,33.34,2
a,1.9,1.29,100,0.15,0.81,33.14,2
a,1.97,1.32,100,0.17,0.8,33.1,2
a,2.1,1.27,100,0.17,0.73,34.97,2
a,2,1.27,100,0.16,0.74,33.46,2
a,2,1.28,100,0.16,0.71,33.5,2
a,1.99,1.28,100,0.16,0.74,33.34,2
a,1.9,1.29,100,0.15,0.81,33.14,2
a,1.97,1.32,100,0.17,0.8,33.1,2
a,2.1,1.27,100,0.17,0.73,34.97,2
a,2,1.27,100,0.16,0.74,33.46,2
a,2,1.28,100,0.16,0.71,33.5,2
a,1.99,1.28,100,0.16,0.74,33.34,2
a,1.9,1.29,100,0.15,0.81,33.14,2
a,1.97,1.32,100,0.17,0.8,33.1,2
a,2.1,1.27,100,0.17,0.73,34.97,2
a,2,1.27,100,0.16,0.74,33.46,2
a,2,1.28,100,0.16,0.71,33.5,2
a,1.99,1.28,100,0.16,0.74,33.34,2
a,1.9,1.29,100,0.15,0.81,33.14,2
a,1.97,1.32,100,0.17,0.8,33.1,2
a,2.1,1.27,100,0.17,0.73,34.97,2
a,2,1.27,100,0.16,0.74,33.46,2
a,2,1.28,100,0.16,0.71,33.5,2
a,1.99,1.28,100,0.16,0.74,33.34,2
a,1.9,1.29,100,0.15,0.81,33.14,2
a,1.97,1.32,100,0.17,0.8,33.1,2
a,2.1,1.27,100,0.17,0.73,34.97,2
a,2,1.27,100,0.16,0.74,33.46,2
a,2,1.28,100,0.16,0.71,33.5,2
a,1.99,1.28,100,0.16,0.74,33.34,2
a,1.9,1.29,100,0.15,0.81,33.14,2
a,1.97,1.32,100,0.17,0.8,33.1,2
a,2.1,1.27,100,0.17,0.73,34.97,2
a,2,1.27,100,0.16,0.74,33.46,2
a,2,1.28,100,0.16,0.71,33.5,2
a,1.99,1.28,100,0.16,0.74,33.34,2
a,1.9,1.29,100,0.15,0.81,33.14,2
a,1.97,1.32,100,0.17,0.8,33.1,2
a,2.1,1.27,100,0.17,0.73,34.97,2
a,2,1.27,100,0.16,0.74,33.46,2
a,2,1.28,100,0.16,0.71,33.5,2
a,1.99,1.28,100,0.16,0.74,33.34,2
a,1.9,1.29,100,0.15,0.81,33.14,2
a,2.2,1.57,100,0.3,1.18,33.84,3
a,2.22,1.69,100,0.3,1.22,33.83,3
a,2.2,1.58,100,0.34,1.25,33.76,3
a,2.09,1.45,100,0.32,1.18,33.43,3
a,2.35,1.67,100,0.19,1.14,34.41,3
a,2.28,1.75,100,0.27,1.18,34.37,3
a,2.28,1.73,100,0.17,1.11,34.27,3
a,2.14,1.57,100,0.14,1.1,33.63,3
a,2.23,1.53,100,0.11,1.07,34.19,3
a,2.06,1.45,100,0.28,1.16,33.67,3
a,2.6,1.73,100,0.67,1.05,36.17,3
a,2.27,1.64,100,0.32,1,34.28,3
a,2.42,1.76,100,0.36,0.98,34.13,3
a,2.27,1.7,100,0.31,1.02,33.76,3
a,2.28,1.69,100,0.3,1.21,34.21,3
a,2.53,1.7,100,0.54,0.84,35.62,3
a,2.57,1.39,100,0.39,0.85,36.13,3
a,2.65,1.37,100,0.34,0.83,36.41,3
a,2.67,1.33,100,0.32,0.81,36.69,3
a,2.7,1.34,100,0.36,0.83,36.57,3
a,2.7,1.34,100,0.37,0.83,36.63,3
a,2.67,1.43,100,0.37,0.94,36.32,3
a,2.11,0.99,100,0.21,0.63,34.61,3
a,2.09,0.98,100,0.18,0.68,34.46,3
a,2.08,0.97,100,0.21,0.62,34.58,3
a,2.05,0.97,100,0.19,0.59,34.48,3
a,2.04,0.97,100,0.2,1,34.47,3
a,2.17,1.06,100,0.21,0.38,35.08,3
a,11.27,0.94,93.31,0.35,0.68,55.41,3
a,11.2,0.94,93.7,0.25,0.7,55.35,3
a,11.2,0.94,93.5,0.25,0.68,55.35,3
a,10.73,0.95,94.55,0.4,0.75,54.44,3
a,10.94,0.96,93.56,0.32,0.68,54.79,3
a,11.13,0.93,93.97,0.25,0.94,55.29,3
a,2.2,1.57,100,0.3,1.18,33.84,3
a,2.22,1.69,100,0.3,1.22,33.83,3
a,2.2,1.58,100,0.34,1.25,33.76,3
a,2.09,1.45,100,0.32,1.18,33.43,3
a,2.35,1.67,100,0.19,1.14,34.41,3
a,2.28,1.75,100,0.27,1.18,34.37,3
a,2.28,1.73,100,0.17,1.11,34.27,3
a,2.14,1.57,100,0.14,1.1,33.63,3
a,2.23,1.53,100,0.11,1.07,34.19,3
a,2.06,1.45,100,0.28,1.16,33.67,3
a,2.6,1.73,100,0.67,1.05,36.17,3
a,2.27,1.64,100,0.32,1,34.28,3
a,2.42,1.76,100,0.36,0.98,34.13,3
a,2.27,1.7,100,0.31,1.02,33.76,3
a,2.28,1.69,100,0.3,1.21,34.21,3
a,2.53,1.7,100,0.54,0.84,35.62,3
a,2.57,1.39,100,0.39,0.85,36.13,3
a,2.65,1.37,100,0.34,0.83,36.41,3
a,2.67,1.33,100,0.32,0.81,36.69,3
a,2.7,1.34,100,0.36,0.83,36.57,3
a,2.7,1.34,100,0.37,0.83,36.63,3
a,2.67,1.43,100,0.37,0.94,36.32,3
a,2.11,0.99,100,0.21,0.63,34.61,3
a,2.09,0.98,100,0.18,0.68,34.46,3
a,2.08,0.97,100,0.21,0.62,34.58,3
a,2.05,0.97,100,0.19,0.59,34.48,3
a,2.04,0.97,100,0.2,1,34.47,3
a,2.17,1.06,100,0.21,0.38,35.08,3
a,11.27,0.94,93.31,0.35,0.68,55.41,3
a,11.2,0.94,93.7,0.25,0.7,55.35,3
a,11.2,0.94,93.5,0.25,0.68,55.35,3
a,10.73,0.95,94.55,0.4,0.75,54.44,3
a,10.94,0.96,93.56,0.32,0.68,54.79,3
a,11.13,0.93,93.97,0.25,0.94,55.29,3
a,2.2,1.57,100,0.3,1.18,33.84,3
a,2.22,1.69,100,0.3,1.22,33.83,3
a,2.2,1.58,100,0.34,1.25,33.76,3
a,2.09,1.45,100,0.32,1.18,33.43,3
a,2.35,1.67,100,0.19,1.14,34.41,3
a,2.28,1.75,100,0.27,1.18,34.37,3
a,2.28,1.73,100,0.17,1.11,34.27,3
a,2.14,1.57,100,0.14,1.1,33.63,3
a,2.23,1.53,100,0.11,1.07,34.19,3
a,2.06,1.45,100,0.28,1.16,33.67,3
a,2.6,1.73,100,0.67,1.05,36.17,3
a,2.27,1.64,100,0.32,1,34.28,3
a,2.42,1.76,100,0.36,0.98,34.13,3
a,2.27,1.7,100,0.31,1.02,33.76,3
a,2.28,1.69,100,0.3,1.21,34.21,3
a,2.53,1.7,100,0.54,0.84,35.62,3
a,2.57,1.39,100,0.39,0.85,36.13,3
a,2.65,1.37,100,0.34,0.83,36.41,3
a,2.67,1.33,100,0.32,0.81,36.69,3
a,2.7,1.34,100,0.36,0.83,36.57,3
a,2.7,1.34,100,0.37,0.83,36.63,3
a,2.67,1.43,100,0.37,0.94,36.32,3
a,2.11,0.99,100,0.21,0.63,34.61,3
a,2.09,0.98,100,0.18,0.68,34.46,3
a,2.08,0.97,100,0.21,0.62,34.58,3
a,2.05,0.97,100,0.19,0.59,34.48,3
a,2.04,0.97,100,0.2,1,34.47,3
a,2.17,1.06,100,0.21,0.38,35.08,3
a,11.27,0.94,93.31,0.35,0.68,55.41,3
a,11.2,0.94,93.7,0.25,0.7,55.35,3
a,11.2,0.94,93.5,0.25,0.68,55.35,3
a,10.73,0.95,94.55,0.4,0.75,54.44,3
a,10.94,0.96,93.56,0.32,0.68,54.79,3
a,11.13,0.93,93.97,0.25,0.94,55.29,3
a,2.11,1.73,100,0.21,1.24,33.53,4
a,2.13,1.72,100,0.22,1.21,33.94,4
a,2.23,1.79,100,0.24,1.26,34.18,4
a,2.21,1.81,100,0.25,1.26,34.16,4
a,2.32,1.82,100,0.24,1.22,34.57,4
a,2.24,1.84,100,0.26,1.24,34.22,4
a,2.23,1.82,100,0.24,1.22,34.31,4
a,2.24,1.81,100,0.23,1.21,34.49,4
a,2.34,1.81,100,0.24,1.22,34.63,4
a,2.1,1.71,100,0.21,1.21,33.59,4
a,4.98,1.45,99.95,0.83,0.97,45.38,4
a,5,1.44,99.84,0.86,0.97,45.75,4
a,5.04,1.44,99.73,0.86,1.04,45.6,4
a,5.17,1.46,99.56,0.98,0.97,46.05,4
a,5.12,1.47,99.77,0.87,0.93,45.83,4
a,4.89,1.44,99.94,0.8,1.18,44.82,4
a,14.52,0.97,86.87,0.35,0.75,58.43,4
a,14.57,0.97,86.46,0.32,0.86,58.43,4
a,14.61,0.98,86.53,0.43,0.87,58.4,4
a,14.63,0.98,86.9,0.31,0.86,58.36,4
a,14.6,0.97,87.02,0.26,0.81,58.35,4
a,14.48,0.96,87.39,0.24,0.54,58.41,4
a,2.11,1.73,100,0.21,1.24,33.53,4
a,2.13,1.72,100,0.22,1.21,33.94,4
a,2.23,1.79,100,0.24,1.26,34.18,4
a,2.21,1.81,100,0.25,1.26,34.16,4
a,2.32,1.82,100,0.24,1.22,34.57,4
a,2.24,1.84,100,0.26,1.24,34.22,4
a,2.23,1.82,100,0.24,1.22,34.31,4
a,2.24,1.81,100,0.23,1.21,34.49,4
a,2.34,1.81,100,0.24,1.22,34.63,4
a,2.1,1.71,100,0.21,1.21,33.59,4
a,4.98,1.45,99.95,0.83,0.97,45.38,4
a,5,1.44,99.84,0.86,0.97,45.75,4
a,5.04,1.44,99.73,0.86,1.04,45.6,4
a,5.17,1.46,99.56,0.98,0.97,46.05,4
a,5.12,1.47,99.77,0.87,0.93,45.83,4
a,4.89,1.44,99.94,0.8,1.18,44.82,4
a,14.52,0.97,86.87,0.35,0.75,58.43,4
a,14.57,0.97,86.46,0.32,0.86,58.43,4
a,14.61,0.98,86.53,0.43,0.87,58.4,4
a,14.63,0.98,86.9,0.31,0.86,58.36,4
a,14.6,0.97,87.02,0.26,0.81,58.35,4
a,14.48,0.96,87.39,0.24,0.54,58.41,4
a,2.11,1.73,100,0.21,1.24,33.53,4
a,2.13,1.72,100,0.22,1.21,33.94,4
a,2.23,1.79,100,0.24,1.26,34.18,4
a,2.21,1.81,100,0.25,1.26,34.16,4
a,2.32,1.82,100,0.24,1.22,34.57,4
a,2.24,1.84,100,0.26,1.24,34.22,4
a,2.23,1.82,100,0.24,1.22,34.31,4
a,2.24,1.81,100,0.23,1.21,34.49,4
a,2.34,1.81,100,0.24,1.22,34.63,4
a,2.1,1.71,100,0.21,1.21,33.59,4
a,4.98,1.45,99.95,0.83,0.97,45.38,4
a,5,1.44,99.84,0.86,0.97,45.75,4
a,5.04,1.44,99.73,0.86,1.04,45.6,4
a,5.17,1.46,99.56,0.98,0.97,46.05,4
a,5.12,1.47,99.77,0.87,0.93,45.83,4
a,4.89,1.44,99.94,0.8,1.18,44.82,4
a,14.52,0.97,86.87,0.35,0.75,58.43,4
a,14.57,0.97,86.46,0.32,0.86,58.43,4
a,14.61,0.98,86.53,0.43,0.87,58.4,4
a,14.63,0.98,86.9,0.31,0.86,58.36,4
a,14.6,0.97,87.02,0.26,0.81,58.35,4
a,14.48,0.96,87.39,0.24,0.54,58.41,4
a,3.33,1.71,100,0.24,1.43,38.91,5
a,3.39,1.78,100,0.19,1.39,39.23,5
a,3.35,1.78,100,0.22,1.34,39.13,5
a,3.33,1.81,100,0.24,1.32,39.05,5
a,3.44,1.83,99.97,0.21,1.33,39.17,5
a,3.35,1.84,100,0.23,1.39,39.07,5
a,3.37,1.81,100,0.25,1.39,39.05,5
a,3.43,1.87,99.96,0.24,1.34,39.16,5
a,3.41,1.88,99.93,0.22,1.32,39.08,5
a,3.29,1.71,100,0.24,1.44,38.86,5
a,7.79,1.66,90.33,1.51,1.16,52.67,5
a,7.73,1.65,91.03,1.49,1.18,52.44,5
a,7.5,1.68,91.56,1.62,1.17,52.06,5
a,7.41,1.64,92.05,1.65,1.2,51.83,5
a,7.55,1.65,91.03,1.55,1.22,52.46,5
a,8.01,1.69,89.28,1.75,0.75,53.25,5
a,5.29,1.08,99.98,0.8,0.8,46.72,5
a,5.27,1.07,99.99,0.82,0.82,46.64,5
a,5.26,1.1,100,0.84,0.81,46.61,5
a,5.3,1.08,99.97,0.88,0.8,46.57,5
a,5.23,1.07,99.97,0.87,0.82,46.53,5
a,5.37,1.08,99.96,0.81,0.97,46.8,5
a,7.35,1.16,99.15,1.06,0.52,49.24,5
a,7.2,1.06,99.13,1.22,0.5,49.38,5
a,6.86,1.05,99.08,0.81,0.57,49.01,5
a,7.01,1.09,99.02,0.83,0.5,49.08,5
a,7.04,1.02,98.88,0.86,0.68,49.03,5
a,7.56,1.2,99.22,0.9,1.14,49.6,5
a,3.33,1.71,100,0.24,1.43,38.91,5
a,3.39,1.78,100,0.19,1.39,39.23,5
a,3.35,1.78,100,0.22,1.34,39.13,5
a,3.33,1.81,100,0.24,1.32,39.05,5
a,3.44,1.83,99.97,0.21,1.33,39.17,5
a,3.35,1.84,100,0.23,1.39,39.07,5
a,3.37,1.81,100,0.25,1.39,39.05,5
a,3.43,1.87,99.96,0.24,1.34,39.16,5
a,3.41,1.88,99.93,0.22,1.32,39.08,5
a,3.29,1.71,100,0.24,1.44,38.86,5
a,7.79,1.66,90.33,1.51,1.16,52.67,5
a,7.73,1.65,91.03,1.49,1.18,52.44,5
a,7.5,1.68,91.56,1.62,1.17,52.06,5
a,7.41,1.64,92.05,1.65,1.2,51.83,5
a,7.55,1.65,91.03,1.55,1.22,52.46,5
a,8.01,1.69,89.28,1.75,0.75,53.25,5
a,5.29,1.08,99.98,0.8,0.8,46.72,5
a,5.27,1.07,99.99,0.82,0.82,46.64,5
a,5.26,1.1,100,0.84,0.81,46.61,5
a,5.3,1.08,99.97,0.88,0.8,46.57,5
a,5.23,1.07,99.97,0.87,0.82,46.53,5
a,5.37,1.08,99.96,0.81,0.97,46.8,5
a,7.35,1.16,99.15,1.06,0.52,49.24,5
a,7.2,1.06,99.13,1.22,0.5,49.38,5
a,6.86,1.05,99.08,0.81,0.57,49.01,5
a,7.01,1.09,99.02,0.83,0.5,49.08,5
a,7.04,1.02,98.88,0.86,0.68,49.03,5
a,7.56,1.2,99.22,0.9,1.14,49.6,5
a,3.33,1.71,100,0.24,1.43,38.91,5
a,3.39,1.78,100,0.19,1.39,39.23,5
a,3.35,1.78,100,0.22,1.34,39.13,5
a,3.33,1.81,100,0.24,1.32,39.05,5
a,3.44,1.83,99.97,0.21,1.33,39.17,5
a,3.35,1.84,100,0.23,1.39,39.07,5
a,3.37,1.81,100,0.25,1.39,39.05,5
a,3.43,1.87,99.96,0.24,1.34,39.16,5
a,3.41,1.88,99.93,0.22,1.32,39.08,5
a,3.29,1.71,100,0.24,1.44,38.86,5
a,7.79,1.66,90.33,1.51,1.16,52.67,5
a,7.73,1.65,91.03,1.49,1.18,52.44,5
a,7.5,1.68,91.56,1.62,1.17,52.06,5
a,7.41,1.64,92.05,1.65,1.2,51.83,5
a,7.55,1.65,91.03,1.55,1.22,52.46,5
a,8.01,1.69,89.28,1.75,0.75,53.25,5
a,5.29,1.08,99.98,0.8,0.8,46.72,5
a,5.27,1.07,99.99,0.82,0.82,46.64,5
a,5.26,1.1,100,0.84,0.81,46.61,5
a,5.3,1.08,99.97,0.88,0.8,46.57,5
a,5.23,1.07,99.97,0.87,0.82,46.53,5
a,5.37,1.08,99.96,0.81,0.97,46.8,5
a,7.35,1.16,99.15,1.06,0.52,49.24,5
a,7.2,1.06,99.13,1.22,0.5,49.38,5
a,6.86,1.05,99.08,0.81,0.57,49.01,5
a,7.01,1.09,99.02,0.83,0.5,49.08,5
a,7.04,1.02,98.88,0.86,0.68,49.03,5
a,7.56,1.2,99.22,0.9,1.14,49.6,5
a,3.87,1.85,99.98,0.22,1.49,40.18,6
a,3.78,1.73,100,0.25,1.54,39.87,6
a,3.85,1.75,100,0.3,1.56,40.26,6
a,4.06,1.74,100,0.29,1.55,40.57,6
a,4,1.8,100,0.3,1.59,40.49,6
a,4.35,1.81,99.99,0.36,1.61,40.99,6
a,4.35,1.81,100,0.35,1.6,41.06,6
a,4.35,1.8,99.96,0.35,1.61,41.18,6
a,4.28,1.8,99.99,0.34,1.37,40.99,6
a,3.8,1.77,100,0.24,1.17,40.08,6
a,18.89,1.41,55.4,0.4,0.3,64.32,6
a,19.1,1.41,54.53,0.32,0.31,64.45,6
a,18.85,1.4,57.56,0.56,0.31,64.14,6
a,18.79,1.4,56.36,0.4,0.32,64.01,6
a,18.58,1.41,56.81,0.48,0.3,63.91,6
a,18.69,1.4,56.89,0.42,0.69,64.26,6
a,15.87,1.03,82.8,0.29,0.93,59.36,6
a,15.88,1.06,82.87,0.28,0.94,59.32,6
a,15.99,1.06,81.99,0.3,0.95,59.42,6
a,16.27,1.06,81.13,0.38,0.96,59.56,6
a,16.32,1.08,80.64,0.32,0.96,59.59,6
a,15.84,1.06,83.48,0.29,0.76,59.28,6
a,3.87,1.85,99.98,0.22,1.49,40.18,6
a,3.78,1.73,100,0.25,1.54,39.87,6
a,3.85,1.75,100,0.3,1.56,40.26,6
a,4.06,1.74,100,0.29,1.55,40.57,6
a,4,1.8,100,0.3,1.59,40.49,6
a,4.35,1.81,99.99,0.36,1.61,40.99,6
a,4.35,1.81,100,0.35,1.6,41.06,6
a,4.35,1.8,99.96,0.35,1.61,41.18,6
a,4.28,1.8,99.99,0.34,1.37,40.99,6
a,3.8,1.77,100,0.24,1.17,40.08,6
a,18.89,1.41,55.4,0.4,0.3,64.32,6
a,19.1,1.41,54.53,0.32,0.31,64.45,6
a,18.85,1.4,57.56,0.56,0.31,64.14,6
a,18.79,1.4,56.36,0.4,0.32,64.01,6
a,18.58,1.41,56.81,0.48,0.3,63.91,6
a,18.69,1.4,56.89,0.42,0.69,64.26,6
a,15.87,1.03,82.8,0.29,0.93,59.36,6
a,15.88,1.06,82.87,0.28,0.94,59.32,6
a,15.99,1.06,81.99,0.3,0.95,59.42,6
a,16.27,1.06,81.13,0.38,0.96,59.56,6
a,16.32,1.08,80.64,0.32,0.96,59.59,6
a,15.84,1.06,83.48,0.29,0.76,59.28,6
a,3.87,1.85,99.98,0.22,1.49,40.18,6
a,3.78,1.73,100,0.25,1.54,39.87,6
a,3.85,1.75,100,0.3,1.56,40.26,6
a,4.06,1.74,100,0.29,1.55,40.57,6
a,4,1.8,100,0.3,1.59,40.49,6
a,4.35,1.81,99.99,0.36,1.61,40.99,6
a,4.35,1.81,100,0.35,1.6,41.06,6
a,4.35,1.8,99.96,0.35,1.61,41.18,6
a,4.28,1.8,99.99,0.34,1.37,40.99,6
a,3.8,1.77,100,0.24,1.17,40.08,6
a,18.89,1.41,55.4,0.4,0.3,64.32,6
a,19.1,1.41,54.53,0.32,0.31,64.45,6
a,18.85,1.4,57.56,0.56,0.31,64.14,6
a,18.79,1.4,56.36,0.4,0.32,64.01,6
a,18.58,1.41,56.81,0.48,0.3,63.91,6
a,18.69,1.4,56.89,0.42,0.69,64.26,6
a,15.87,1.03,82.8,0.29,0.93,59.36,6
a,15.88,1.06,82.87,0.28,0.94,59.32,6
a,15.99,1.06,81.99,0.3,0.95,59.42,6
a,16.27,1.06,81.13,0.38,0.96,59.56,6
a,16.32,1.08,80.64,0.32,0.96,59.59,6
a,15.84,1.06,83.48,0.29,0.76,59.28,6
a,9.93,1.25,91.54,1.47,0.87,54.97,7
a,9.54,1.17,95.36,0.98,0.81,54.81,7
a,9.38,1.19,95.94,0.89,0.86,54.36,7
a,9.74,1.2,94.29,1.05,0.89,54.64,7
a,10.01,1.24,91.98,1.19,0.97,54.83,7
a,10.03,1.26,91.07,1.5,0.65,55.33,7
a,31.39,1.59,30.27,0.79,0.43,71.24,7
a,32.31,1.62,29.54,0.83,0.38,71.65,7
a,31.79,1.59,29.55,0.76,0.43,71.48,7
a,31.84,1.59,30.19,0.73,0.41,71.37,7
a,30.4,1.6,31.6,0.73,0.37,70.81,7
a,32.66,1.53,27.39,0.66,0.3,72.08,7
a,9.93,1.25,91.54,1.47,0.87,54.97,7
a,9.54,1.17,95.36,0.98,0.81,54.81,7
a,9.38,1.19,95.94,0.89,0.86,54.36,7
a,9.74,1.2,94.29,1.05,0.89,54.64,7
a,10.01,1.24,91.98,1.19,0.97,54.83,7
a,10.03,1.26,91.07,1.5,0.65,55.33,7
a,31.39,1.59,30.27,0.79,0.43,71.24,7
a,32.31,1.62,29.54,0.83,0.38,71.65,7
a,31.79,1.59,29.55,0.76,0.43,71.48,7
a,31.84,1.59,30.19,0.73,0.41,71.37,7
a,30.4,1.6,31.6,0.73,0.37,70.81,7
a,32.66,1.53,27.39,0.66,0.3,72.08,7
a,9.93,1.25,91.54,1.47,0.87,54.97,7
a,9.54,1.17,95.36,0.98,0.81,54.81,7
a,9.38,1.19,95.94,0.89,0.86,54.36,7
a,9.74,1.2,94.29,1.05,0.89,54.64,7
a,10.01,1.24,91.98,1.19,0.97,54.83,7
a,10.03,1.26,91.07,1.5,0.65,55.33,7
a,31.39,1.59,30.27,0.79,0.43,71.24,7
a,32.31,1.62,29.54,0.83,0.38,71.65,7
a,31.79,1.59,29.55,0.76,0.43,71.48,7
a,31.84,1.59,30.19,0.73,0.41,71.37,7
a,30.4,1.6,31.6,0.73,0.37,70.81,7
a,32.66,1.53,27.39,0.66,0.3,72.08,7
a,9.93,1.25,91.54,1.47,0.87,54.97,7
a,9.54,1.17,95.36,0.98,0.81,54.81,7
a,9.38,1.19,95.94,0.89,0.86,54.36,7
a,9.74,1.2,94.29,1.05,0.89,54.64,7
a,10.01,1.24,91.98,1.19,0.97,54.83,7
a,10.03,1.26,91.07,1.5,0.65,55.33,7
a,31.39,1.59,30.27,0.79,0.43,71.24,7
a,32.31,1.62,29.54,0.83,0.38,71.65,7
a,31.79,1.59,29.55,0.76,0.43,71.48,7
a,31.84,1.59,30.19,0.73,0.41,71.37,7
a,30.4,1.6,31.6,0.73,0.37,70.81,7
a,32.66,1.53,27.39,0.66,0.3,72.08,7
a,9.93,1.25,91.54,1.47,0.87,54.97,7
a,9.54,1.17,95.36,0.98,0.81,54.81,7
a,9.38,1.19,95.94,0.89,0.86,54.36,7
a,9.74,1.2,94.29,1.05,0.89,54.64,7
a,10.01,1.24,91.98,1.19,0.97,54.83,7
a,10.03,1.26,91.07,1.5,0.65,55.33,7
a,31.39,1.59,30.27,0.79,0.43,71.24,7
a,32.31,1.62,29.54,0.83,0.38,71.65,7
a,31.79,1.59,29.55,0.76,0.43,71.48,7
a,31.84,1.59,30.19,0.73,0.41,71.37,7
a,30.4,1.6,31.6,0.73,0.37,70.81,7
a,32.66,1.53,27.39,0.66,0.3,72.08,7
a,9.93,1.25,91.54,1.47,0.87,54.97,7
a,9.54,1.17,95.36,0.98,0.81,54.81,7
a,9.38,1.19,95.94,0.89,0.86,54.36,7
a,9.74,1.2,94.29,1.05,0.89,54.64,7
a,10.01,1.24,91.98,1.19,0.97,54.83,7
a,10.03,1.26,91.07,1.5,0.65,55.33,7
a,31.39,1.59,30.27,0.79,0.43,71.24,7
a,32.31,1.62,29.54,0.83,0.38,71.65,7
a,31.79,1.59,29.55,0.76,0.43,71.48,7
a,31.84,1.59,30.19,0.73,0.41,71.37,7
a,30.4,1.6,31.6,0.73,0.37,70.81,7
a,32.66,1.53,27.39,0.66,0.3,72.08,7
a,25.97,1.22,49.68,0.62,0.79,67.63,8
a,26.82,1.23,47.33,0.69,0.75,68.45,8
a,26.96,1.24,46.66,0.65,0.73,68.5,8
a,26.36,1.22,45.63,0.62,0.81,68.06,8
a,26.52,1.23,46.99,0.61,0.77,68.13,8
a,26.49,1.22,48.22,0.67,0.84,68.06,8
a,25.97,1.22,49.68,0.62,0.79,67.63,8
a,26.82,1.23,47.33,0.69,0.75,68.45,8
a,26.96,1.24,46.66,0.65,0.73,68.5,8
a,26.36,1.22,45.63,0.62,0.81,68.06,8
a,26.52,1.23,46.99,0.61,0.77,68.13,8
a,26.49,1.22,48.22,0.67,0.84,68.06,8
a,25.97,1.22,49.68,0.62,0.79,67.63,8
a,26.82,1.23,47.33,0.69,0.75,68.45,8
a,26.96,1.24,46.66,0.65,0.73,68.5,8
a,26.36,1.22,45.63,0.62,0.81,68.06,8
a,26.52,1.23,46.99,0.61,0.77,68.13,8
a,26.49,1.22,48.22,0.67,0.84,68.06,8
a,25.97,1.22,49.68,0.62,0.79,67.63,8
a,26.82,1.23,47.33,0.69,0.75,68.45,8
a,26.96,1.24,46.66,0.65,0.73,68.5,8
a,26.36,1.22,45.63,0.62,0.81,68.06,8
a,26.52,1.23,46.99,0.61,0.77,68.13,8
a,26.49,1.22,48.22,0.67,0.84,68.06,8
a,25.97,1.22,49.68,0.62,0.79,67.63,8
a,26.82,1.23,47.33,0.69,0.75,68.45,8
a,26.96,1.24,46.66,0.65,0.73,68.5,8
a,26.36,1.22,45.63,0.62,0.81,68.06,8
a,26.52,1.23,46.99,0.61,0.77,68.13,8
a,26.49,1.22,48.22,0.67,0.84,68.06,8
a,25.97,1.22,49.68,0.62,0.79,67.63,8
a,26.82,1.23,47.33,0.69,0.75,68.45,8
a,26.96,1.24,46.66,0.65,0.73,68.5,8
a,26.36,1.22,45.63,0.62,0.81,68.06,8
a,26.52,1.23,46.99,0.61,0.77,68.13,8
a,26.49,1.22,48.22,0.67,0.84,68.06,8
a,25.97,1.22,49.68,0.62,0.79,67.63,8
a,26.82,1.23,47.33,0.69,0.75,68.45,8
a,26.96,1.24,46.66,0.65,0.73,68.5,8
a,26.36,1.22,45.63,0.62,0.81,68.06,8
a,26.52,1.23,46.99,0.61,0.77,68.13,8
a,26.49,1.22,48.22,0.67,0.84,68.06,8
a,25.97,1.22,49.68,0.62,0.79,67.63,8
a,26.82,1.23,47.33,0.69,0.75,68.45,8
a,26.96,1.24,46.66,0.65,0.73,68.5,8
a,26.36,1.22,45.63,0.62,0.81,68.06,8
a,26.52,1.23,46.99,0.61,0.77,68.13,8
a,26.49,1.22,48.22,0.67,0.84,68.06,8
